"","Env.value","AI","LCI","UCI","SPECIES","LIFE.STAGE","ENV.COR","p.value","AIC","DEV.EXP","RMSE"
"1",12.3105783471458,2.80965454753942e-12,2.22044604925031e-16,2.46117413801315e+46,"White Catfish","YoY","WATER.TEMPERATURE","<0.01",-130.202327532535,0.575112292407417,0.00029193279705968
"2",12.6319375793226,8.244424774675e-13,2.22044604925031e-16,2.69192791220197e+45,"White Catfish","YoY","WATER.TEMPERATURE","<0.01",-130.202327532535,0.575112292407417,0.00029193279705968
"3",12.9532968114993,2.42941367008958e-13,2.22044604925031e-16,2.98615610711753e+44,"White Catfish","YoY","WATER.TEMPERATURE","<0.01",-130.202327532535,0.575112292407417,0.00029193279705968
"4",13.274656043676,7.233238259704e-14,2.22044604925031e-16,3.22882465849353e+43,"White Catfish","YoY","WATER.TEMPERATURE","<0.01",-130.202327532535,0.575112292407417,0.00029193279705968
"5",13.5960152758528,2.19685771681879e-14,2.22044604925031e-16,3.19679891108729e+42,"White Catfish","YoY","WATER.TEMPERATURE","<0.01",-130.202327532535,0.575112292407417,0.00029193279705968
"6",13.9173745080295,6.89083900122902e-15,2.22044604925031e-16,2.69368426442706e+41,"White Catfish","YoY","WATER.TEMPERATURE","<0.01",-130.202327532535,0.575112292407417,0.00029193279705968
"7",14.2387337402062,2.27009921395647e-15,2.22044604925031e-16,1.79934749684146e+40,"White Catfish","YoY","WATER.TEMPERATURE","<0.01",-130.202327532535,0.575112292407417,0.00029193279705968
"8",14.5600929723829,8.00997073167524e-16,2.22044604925031e-16,9.00523740423216e+38,"White Catfish","YoY","WATER.TEMPERATURE","<0.01",-130.202327532535,0.575112292407417,0.00029193279705968
"9",14.8814522045597,3.08998088075293e-16,2.22044604925031e-16,3.25494992003247e+37,"White Catfish","YoY","WATER.TEMPERATURE","<0.01",-130.202327532535,0.575112292407417,0.00029193279705968
"10",15.2028114367364,2.22044604925031e-16,2.22044604925031e-16,8.36315444556119e+35,"White Catfish","YoY","WATER.TEMPERATURE","<0.01",-130.202327532535,0.575112292407417,0.00029193279705968
"11",15.5241706689131,2.22044604925031e-16,2.22044604925031e-16,1.55829071127517e+34,"White Catfish","YoY","WATER.TEMPERATURE","<0.01",-130.202327532535,0.575112292407417,0.00029193279705968
"12",15.8455299010899,2.22044604925031e-16,2.22044604925031e-16,2.25388523616914e+32,"White Catfish","YoY","WATER.TEMPERATURE","<0.01",-130.202327532535,0.575112292407417,0.00029193279705968
"13",16.1668891332666,2.22044604925031e-16,2.22044604925031e-16,2.76582502589925e+30,"White Catfish","YoY","WATER.TEMPERATURE","<0.01",-130.202327532535,0.575112292407417,0.00029193279705968
"14",16.4882483654433,2.22044604925031e-16,2.22044604925031e-16,3.10126336452344e+28,"White Catfish","YoY","WATER.TEMPERATURE","<0.01",-130.202327532535,0.575112292407417,0.00029193279705968
"15",16.8096075976201,2.22044604925031e-16,2.22044604925031e-16,3.3398774642858e+26,"White Catfish","YoY","WATER.TEMPERATURE","<0.01",-130.202327532535,0.575112292407417,0.00029193279705968
"16",17.1309668297968,2.22044604925031e-16,2.22044604925031e-16,3.52834150254756e+24,"White Catfish","YoY","WATER.TEMPERATURE","<0.01",-130.202327532535,0.575112292407417,0.00029193279705968
"17",17.4523260619735,2.22044604925031e-16,2.22044604925031e-16,3.67322462527102e+22,"White Catfish","YoY","WATER.TEMPERATURE","<0.01",-130.202327532535,0.575112292407417,0.00029193279705968
"18",17.7736852941502,2.22044604925031e-16,2.22044604925031e-16,3.75667056444401e+20,"White Catfish","YoY","WATER.TEMPERATURE","<0.01",-130.202327532535,0.575112292407417,0.00029193279705968
"19",18.095044526327,2.22044604925031e-16,2.22044604925031e-16,3767291820201915904,"White Catfish","YoY","WATER.TEMPERATURE","<0.01",-130.202327532535,0.575112292407417,0.00029193279705968
"20",18.4164037585037,2.22044604925031e-16,2.22044604925031e-16,37646604970313136,"White Catfish","YoY","WATER.TEMPERATURE","<0.01",-130.202327532535,0.575112292407417,0.00029193279705968
"21",18.7377629906804,2.22044604925031e-16,2.22044604925031e-16,386909571398089,"White Catfish","YoY","WATER.TEMPERATURE","<0.01",-130.202327532535,0.575112292407417,0.00029193279705968
"22",19.0591222228572,2.22044604925031e-16,2.22044604925031e-16,4207755742655.82,"White Catfish","YoY","WATER.TEMPERATURE","<0.01",-130.202327532535,0.575112292407417,0.00029193279705968
"23",19.3804814550339,2.22044604925031e-16,2.22044604925031e-16,49427532213.7221,"White Catfish","YoY","WATER.TEMPERATURE","<0.01",-130.202327532535,0.575112292407417,0.00029193279705968
"24",19.7018406872106,2.53679464557632e-16,2.22044604925031e-16,640006604.569731,"White Catfish","YoY","WATER.TEMPERATURE","<0.01",-130.202327532535,0.575112292407417,0.00029193279705968
"25",20.0231999193874,6.08301844800072e-16,2.22044604925031e-16,9468625.64242877,"White Catfish","YoY","WATER.TEMPERATURE","<0.01",-130.202327532535,0.575112292407417,0.00029193279705968
"26",20.3445591515641,1.68546600515149e-15,2.22044604925031e-16,167626.708642714,"White Catfish","YoY","WATER.TEMPERATURE","<0.01",-130.202327532535,0.575112292407417,0.00029193279705968
"27",20.6659183837408,5.36301771118712e-15,2.22044604925031e-16,3672.75330083824,"White Catfish","YoY","WATER.TEMPERATURE","<0.01",-130.202327532535,0.575112292407417,0.00029193279705968
"28",20.9872776159175,1.92781781539188e-14,2.22044604925031e-16,100.260114505853,"White Catfish","YoY","WATER.TEMPERATURE","<0.01",-130.202327532535,0.575112292407417,0.00029193279705968
"29",21.3086368480943,7.61829679271626e-14,2.22044604925031e-16,3.39407199608579,"White Catfish","YoY","WATER.TEMPERATURE","<0.01",-130.202327532535,0.575112292407417,0.00029193279705968
"30",21.629996080271,3.21946348851698e-13,2.22044604925031e-16,0.143628502990859,"White Catfish","YoY","WATER.TEMPERATURE","<0.01",-130.202327532535,0.575112292407417,0.00029193279705968
"31",21.9513553124477,1.4323966820583e-12,2.22044604925031e-16,0.00781499075664734,"White Catfish","YoY","WATER.TEMPERATURE","<0.01",-130.202327532535,0.575112292407417,0.00029193279705968
"32",22.2727145446245,6.75620199354819e-12,2.22044604925031e-16,0.00057368379503108,"White Catfish","YoY","WATER.TEMPERATURE","<0.01",-130.202327532535,0.575112292407417,0.00029193279705968
"33",22.5940737768012,3.48032382855718e-11,2.22044604925031e-16,5.92504432109672e-05,"White Catfish","YoY","WATER.TEMPERATURE","<0.01",-130.202327532535,0.575112292407417,0.00029193279705968
"34",22.9154330089779,2.07622341980982e-10,4.59746429376719e-15,9.37626355208637e-06,"White Catfish","YoY","WATER.TEMPERATURE","<0.01",-130.202327532535,0.575112292407417,0.00029193279705968
"35",23.2367922411547,1.52382082640727e-09,8.49172749577418e-13,2.73446117076656e-06,"White Catfish","YoY","WATER.TEMPERATURE","<0.01",-130.202327532535,0.575112292407417,0.00029193279705968
"36",23.5581514733314,1.39540358428075e-08,1.05738096697022e-10,1.84148497452424e-06,"White Catfish","YoY","WATER.TEMPERATURE","<0.01",-130.202327532535,0.575112292407417,0.00029193279705968
"37",23.8795107055081,1.45546259852327e-07,6.79846366215246e-09,3.11595601737676e-06,"White Catfish","YoY","WATER.TEMPERATURE","<0.01",-130.202327532535,0.575112292407417,0.00029193279705968
"38",24.2008699376848,1.38715155730867e-06,1.87923717687279e-07,1.02392048572916e-05,"White Catfish","YoY","WATER.TEMPERATURE","<0.01",-130.202327532535,0.575112292407417,0.00029193279705968
"39",24.5222291698616,9.15230964893706e-06,2.22031018551889e-06,3.77266079561089e-05,"White Catfish","YoY","WATER.TEMPERATURE","<0.01",-130.202327532535,0.575112292407417,0.00029193279705968
"40",24.8435884020383,3.22248551413281e-05,1.0466367858754e-05,9.92169683784849e-05,"White Catfish","YoY","WATER.TEMPERATURE","<0.01",-130.202327532535,0.575112292407417,0.00029193279705968
"41",25.164947634215,5.26390834460147e-05,1.78661647523809e-05,0.000155090538145141,"White Catfish","YoY","WATER.TEMPERATURE","<0.01",-130.202327532535,0.575112292407417,0.00029193279705968
"42",25.4863068663918,4.24376136142211e-05,1.33426593544045e-05,0.000134976918876028,"White Catfish","YoY","WATER.TEMPERATURE","<0.01",-130.202327532535,0.575112292407417,0.00029193279705968
"43",25.8076660985685,2.12462414151937e-05,6.11256141186425e-06,7.38483826758019e-05,"White Catfish","YoY","WATER.TEMPERATURE","<0.01",-130.202327532535,0.575112292407417,0.00029193279705968
"44",26.1290253307452,9.28077451625832e-06,2.37436660834505e-06,3.6276106359862e-05,"White Catfish","YoY","WATER.TEMPERATURE","<0.01",-130.202327532535,0.575112292407417,0.00029193279705968
"45",26.450384562922,4.97613473942019e-06,1.13152823906343e-06,2.1883604924752e-05,"White Catfish","YoY","WATER.TEMPERATURE","<0.01",-130.202327532535,0.575112292407417,0.00029193279705968
"46",26.7717437950987,4.31208634189584e-06,9.63766244333805e-07,1.92931519746447e-05,"White Catfish","YoY","WATER.TEMPERATURE","<0.01",-130.202327532535,0.575112292407417,0.00029193279705968
"47",27.0931030272754,6.58298035416232e-06,1.68130832652665e-06,2.57749454157599e-05,"White Catfish","YoY","WATER.TEMPERATURE","<0.01",-130.202327532535,0.575112292407417,0.00029193279705968
"48",27.4144622594521,1.65647464188587e-05,5.2060206183554e-06,5.27064420286089e-05,"White Catfish","YoY","WATER.TEMPERATURE","<0.01",-130.202327532535,0.575112292407417,0.00029193279705968
"49",27.7358214916289,5.75821635399631e-05,1.89025915100939e-05,0.000175410104808776,"White Catfish","YoY","WATER.TEMPERATURE","<0.01",-130.202327532535,0.575112292407417,0.00029193279705968
"50",28.0571807238056,0.000223507969011487,5.52567142408335e-05,0.000904067730012144,"White Catfish","YoY","WATER.TEMPERATURE","<0.01",-130.202327532535,0.575112292407417,0.00029193279705968
"51",4.59639304444904,2.82663431568141e-10,3.24452342720731e-14,2.46256861256968e-06,"White Catfish","YoY","DISSOLVED.OXYGEN","<0.01",-130.202327532535,0.575112292407417,0.00029193279705968
"52",4.71998960485683,3.22140031595884e-10,5.74283936662249e-14,1.80701902546213e-06,"White Catfish","YoY","DISSOLVED.OXYGEN","<0.01",-130.202327532535,0.575112292407417,0.00029193279705968
"53",4.84358616526462,3.67642544272932e-10,9.99828236929288e-14,1.35184260023088e-06,"White Catfish","YoY","DISSOLVED.OXYGEN","<0.01",-130.202327532535,0.575112292407417,0.00029193279705968
"54",4.9671827256724,4.20744862069502e-10,1.71094455539403e-13,1.03466964139651e-06,"White Catfish","YoY","DISSOLVED.OXYGEN","<0.01",-130.202327532535,0.575112292407417,0.00029193279705968
"55",5.09077928608019,4.83537174049219e-10,2.87726125570045e-13,8.12606773973976e-07,"White Catfish","YoY","DISSOLVED.OXYGEN","<0.01",-130.202327532535,0.575112292407417,0.00029193279705968
"56",5.21437584648798,5.58818227757555e-10,4.75701030162558e-13,6.56458136252894e-07,"White Catfish","YoY","DISSOLVED.OXYGEN","<0.01",-130.202327532535,0.575112292407417,0.00029193279705968
"57",5.33797240689577,6.50517457995613e-10,7.7422841274367e-13,5.46573796817216e-07,"White Catfish","YoY","DISSOLVED.OXYGEN","<0.01",-130.202327532535,0.575112292407417,0.00029193279705968
"58",5.46156896730355,7.64394484788429e-10,1.2436807225006e-12,4.69814252005248e-07,"White Catfish","YoY","DISSOLVED.OXYGEN","<0.01",-130.202327532535,0.575112292407417,0.00029193279705968
"59",5.58516552771134,9.08918788799867e-10,1.97893787482493e-12,4.17463011417931e-07,"White Catfish","YoY","DISSOLVED.OXYGEN","<0.01",-130.202327532535,0.575112292407417,0.00029193279705968
"60",5.70876208811913,1.09581131736741e-09,3.12754712954429e-12,3.8394383634611e-07,"White Catfish","YoY","DISSOLVED.OXYGEN","<0.01",-130.202327532535,0.575112292407417,0.00029193279705968
"61",5.83235864852692,1.34014990868227e-09,4.90724132782244e-12,3.65990106815891e-07,"White Catfish","YoY","DISSOLVED.OXYGEN","<0.01",-130.202327532535,0.575112292407417,0.00029193279705968
"62",5.9559552089347,1.66094282013521e-09,7.61875434136187e-12,3.62097388648127e-07,"White Catfish","YoY","DISSOLVED.OXYGEN","<0.01",-130.202327532535,0.575112292407417,0.00029193279705968
"63",6.07955176934249,2.08124886240798e-09,1.1634595169561e-11,3.72303184094194e-07,"White Catfish","YoY","DISSOLVED.OXYGEN","<0.01",-130.202327532535,0.575112292407417,0.00029193279705968
"64",6.20314832975028,2.62948503178351e-09,1.73746553137199e-11,3.97946975495607e-07,"White Catfish","YoY","DISSOLVED.OXYGEN","<0.01",-130.202327532535,0.575112292407417,0.00029193279705968
"65",6.32674489015807,3.34374831000962e-09,2.5306797385405e-11,4.4180433384828e-07,"White Catfish","YoY","DISSOLVED.OXYGEN","<0.01",-130.202327532535,0.575112292407417,0.00029193279705968
"66",6.45034145056585,4.28058218935575e-09,3.60123889355322e-11,5.08807785915879e-07,"White Catfish","YoY","DISSOLVED.OXYGEN","<0.01",-130.202327532535,0.575112292407417,0.00029193279705968
"67",6.57393801097364,5.52973676444387e-09,5.03514616708842e-11,6.07290983604631e-07,"White Catfish","YoY","DISSOLVED.OXYGEN","<0.01",-130.202327532535,0.575112292407417,0.00029193279705968
"68",6.69753457138143,7.2442550708286e-09,6.98029227590891e-11,7.51819973389188e-07,"White Catfish","YoY","DISSOLVED.OXYGEN","<0.01",-130.202327532535,0.575112292407417,0.00029193279705968
"69",6.82113113178922,9.66403965708408e-09,9.68810163328618e-11,9.64003744271362e-07,"White Catfish","YoY","DISSOLVED.OXYGEN","<0.01",-130.202327532535,0.575112292407417,0.00029193279705968
"70",6.944727692197,1.30958770075183e-08,1.35142763468903e-10,1.26904312294539e-06,"White Catfish","YoY","DISSOLVED.OXYGEN","<0.01",-130.202327532535,0.575112292407417,0.00029193279705968
"71",7.06832425260479,1.77774924794486e-08,1.87716860149424e-10,1.68359538192403e-06,"White Catfish","YoY","DISSOLVED.OXYGEN","<0.01",-130.202327532535,0.575112292407417,0.00029193279705968
"72",7.19192081301258,2.36782930084037e-08,2.550393266774e-10,2.19833375148846e-06,"White Catfish","YoY","DISSOLVED.OXYGEN","<0.01",-130.202327532535,0.575112292407417,0.00029193279705968
"73",7.31551737342037,3.03966081489165e-08,3.33543028719782e-10,2.77011871753139e-06,"White Catfish","YoY","DISSOLVED.OXYGEN","<0.01",-130.202327532535,0.575112292407417,0.00029193279705968
"74",7.43911393382816,3.72942360312248e-08,4.16268167201092e-10,3.34125967523433e-06,"White Catfish","YoY","DISSOLVED.OXYGEN","<0.01",-130.202327532535,0.575112292407417,0.00029193279705968
"75",7.56271049423594,4.38048350933133e-08,4.95356150698881e-10,3.87370495924015e-06,"White Catfish","YoY","DISSOLVED.OXYGEN","<0.01",-130.202327532535,0.575112292407417,0.00029193279705968
"76",7.68630705464373,4.97135902220936e-08,5.651660143585e-10,4.37294704561365e-06,"White Catfish","YoY","DISSOLVED.OXYGEN","<0.01",-130.202327532535,0.575112292407417,0.00029193279705968
"77",7.80990361505152,5.51510719116393e-08,6.22416258441828e-10,4.88682725065269e-06,"White Catfish","YoY","DISSOLVED.OXYGEN","<0.01",-130.202327532535,0.575112292407417,0.00029193279705968
"78",7.93350017545931,6.02956589445177e-08,6.62809118352965e-10,5.48508822055395e-06,"White Catfish","YoY","DISSOLVED.OXYGEN","<0.01",-130.202327532535,0.575112292407417,0.00029193279705968
"79",8.05709673586709,6.52079198098575e-08,6.80739469822434e-10,6.24625571812066e-06,"White Catfish","YoY","DISSOLVED.OXYGEN","<0.01",-130.202327532535,0.575112292407417,0.00029193279705968
"80",8.18069329627488,6.98120563203984e-08,6.71778398254953e-10,7.25495672433457e-06,"White Catfish","YoY","DISSOLVED.OXYGEN","<0.01",-130.202327532535,0.575112292407417,0.00029193279705968
"81",8.30428985668267,7.39318200754331e-08,6.346661234781e-10,8.61226685570027e-06,"White Catfish","YoY","DISSOLVED.OXYGEN","<0.01",-130.202327532535,0.575112292407417,0.00029193279705968
"82",8.42788641709046,7.73614820718797e-08,5.72331833930913e-10,1.04568688190079e-05,"White Catfish","YoY","DISSOLVED.OXYGEN","<0.01",-130.202327532535,0.575112292407417,0.00029193279705968
"83",8.55148297749824,7.99239826465404e-08,4.92025392883155e-10,1.29827506760438e-05,"White Catfish","YoY","DISSOLVED.OXYGEN","<0.01",-130.202327532535,0.575112292407417,0.00029193279705968
"84",8.67507953790603,8.15156667807252e-08,4.03613688465258e-10,1.64632769418032e-05,"White Catfish","YoY","DISSOLVED.OXYGEN","<0.01",-130.202327532535,0.575112292407417,0.00029193279705968
"85",8.79867609831382,8.21533578111282e-08,3.16832011597194e-10,2.13020589858321e-05,"White Catfish","YoY","DISSOLVED.OXYGEN","<0.01",-130.202327532535,0.575112292407417,0.00029193279705968
"86",8.92227265872161,8.19651411690128e-08,2.38972345311085e-10,2.81132294120083e-05,"White Catfish","YoY","DISSOLVED.OXYGEN","<0.01",-130.202327532535,0.575112292407417,0.00029193279705968
"87",9.04586921912939,8.10963890880573e-08,1.73940616218382e-10,3.78095954015976e-05,"White Catfish","YoY","DISSOLVED.OXYGEN","<0.01",-130.202327532535,0.575112292407417,0.00029193279705968
"88",9.16946577953718,7.96061312669615e-08,1.22567165891226e-10,5.17033749553832e-05,"White Catfish","YoY","DISSOLVED.OXYGEN","<0.01",-130.202327532535,0.575112292407417,0.00029193279705968
"89",9.29306233994497,7.74709537320841e-08,8.38150471585356e-11,7.16070547667467e-05,"White Catfish","YoY","DISSOLVED.OXYGEN","<0.01",-130.202327532535,0.575112292407417,0.00029193279705968
"90",9.41665890035276,7.4670159848594e-08,5.58202310521379e-11,9.98855194025755e-05,"White Catfish","YoY","DISSOLVED.OXYGEN","<0.01",-130.202327532535,0.575112292407417,0.00029193279705968
"91",9.54025546076054,7.11948992426474e-08,3.63493045351172e-11,0.000139444584786314,"White Catfish","YoY","DISSOLVED.OXYGEN","<0.01",-130.202327532535,0.575112292407417,0.00029193279705968
"92",9.66385202116833,6.70673389321305e-08,2.32408914488518e-11,0.000193539389886849,"White Catfish","YoY","DISSOLVED.OXYGEN","<0.01",-130.202327532535,0.575112292407417,0.00029193279705968
"93",9.78744858157612,6.2375780740775e-08,1.46415605410221e-11,0.000265732468347232,"White Catfish","YoY","DISSOLVED.OXYGEN","<0.01",-130.202327532535,0.575112292407417,0.00029193279705968
"94",9.91104514198391,5.72728847374269e-08,9.10844148301439e-12,0.000360125640842458,"White Catfish","YoY","DISSOLVED.OXYGEN","<0.01",-130.202327532535,0.575112292407417,0.00029193279705968
"95",10.0346417023917,5.19579292543536e-08,5.59878285427583e-12,0.000482180945870884,"White Catfish","YoY","DISSOLVED.OXYGEN","<0.01",-130.202327532535,0.575112292407417,0.00029193279705968
"96",10.1582382627995,4.66216856326814e-08,3.4002616957909e-12,0.000639239495572709,"White Catfish","YoY","DISSOLVED.OXYGEN","<0.01",-130.202327532535,0.575112292407417,0.00029193279705968
"97",10.2818348232073,4.1441744176518e-08,2.03901905358166e-12,0.000842276661110752,"White Catfish","YoY","DISSOLVED.OXYGEN","<0.01",-130.202327532535,0.575112292407417,0.00029193279705968
"98",10.4054313836151,3.65841446015202e-08,1.20572084043487e-12,0.00111004105705116,"White Catfish","YoY","DISSOLVED.OXYGEN","<0.01",-130.202327532535,0.575112292407417,0.00029193279705968
"99",10.5290279440228,3.21648941784773e-08,7.0235290485358e-13,0.00147302077112975,"White Catfish","YoY","DISSOLVED.OXYGEN","<0.01",-130.202327532535,0.575112292407417,0.00029193279705968
"100",10.6526245044306,2.82346230998989e-08,4.03075280423815e-13,0.00197777928915693,"White Catfish","YoY","DISSOLVED.OXYGEN","<0.01",-130.202327532535,0.575112292407417,0.00029193279705968
"101",1.03315836642133,2.0078769008478e-08,2.13812496545997e-10,1.88556315186697e-06,"White Catfish","YoY","TURBIDITY","0.48",-130.202327532535,0.575112292407417,0.00029193279705968
"102",1.93992883375534,2.00787739522642e-08,2.13812585061595e-10,1.88556329979352e-06,"White Catfish","YoY","TURBIDITY","0.48",-130.202327532535,0.575112292407417,0.00029193279705968
"103",2.84669930108936,2.00787789149223e-08,2.1381267112344e-10,1.88556347290369e-06,"White Catfish","YoY","TURBIDITY","0.48",-130.202327532535,0.575112292407417,0.00029193279705968
"104",3.75346976842337,2.00787839435192e-08,2.13812755593865e-10,1.88556367243271e-06,"White Catfish","YoY","TURBIDITY","0.48",-130.202327532535,0.575112292407417,0.00029193279705968
"105",4.66024023575738,2.0078789111269e-08,2.13812839848732e-10,1.88556389999796e-06,"White Catfish","YoY","TURBIDITY","0.48",-130.202327532535,0.575112292407417,0.00029193279705968
"106",5.56701070309139,2.00787944786625e-08,2.13812925068761e-10,1.88556415654813e-06,"White Catfish","YoY","TURBIDITY","0.48",-130.202327532535,0.575112292407417,0.00029193279705968
"107",6.47378117042541,2.00788000489767e-08,2.13813011435635e-10,1.88556444109647e-06,"White Catfish","YoY","TURBIDITY","0.48",-130.202327532535,0.575112292407417,0.00029193279705968
"108",7.38055163775942,2.00788057571222e-08,2.13813098030596e-10,1.88556474952041e-06,"White Catfish","YoY","TURBIDITY","0.48",-130.202327532535,0.575112292407417,0.00029193279705968
"109",8.28732210509343,2.00788114998134e-08,2.13813183435811e-10,1.88556507492472e-06,"White Catfish","YoY","TURBIDITY","0.48",-130.202327532535,0.575112292407417,0.00029193279705968
"110",9.19409257242744,2.0078817189563e-08,2.13813266566103e-10,1.88556541044776e-06,"White Catfish","YoY","TURBIDITY","0.48",-130.202327532535,0.575112292407417,0.00029193279705968
"111",10.1008630397615,2.00788227792618e-08,2.13813346952459e-10,1.88556575137774e-06,"White Catfish","YoY","TURBIDITY","0.48",-130.202327532535,0.575112292407417,0.00029193279705968
"112",11.0076335070955,2.00788282531859e-08,2.13813424523233e-10,1.88556609539326e-06,"White Catfish","YoY","TURBIDITY","0.48",-130.202327532535,0.575112292407417,0.00029193279705968
"113",11.9144039744295,2.00788336063422e-08,2.13813499252724e-10,1.88556644178321e-06,"White Catfish","YoY","TURBIDITY","0.48",-130.202327532535,0.575112292407417,0.00029193279705968
"114",12.8211744417635,2.00788388365375e-08,2.13813571033797e-10,1.88556679108044e-06,"White Catfish","YoY","TURBIDITY","0.48",-130.202327532535,0.575112292407417,0.00029193279705968
"115",13.7279449090975,2.00788439467895e-08,2.13813639798577e-10,1.8855671444503e-06,"White Catfish","YoY","TURBIDITY","0.48",-130.202327532535,0.575112292407417,0.00029193279705968
"116",14.6347153764315,2.00788489541073e-08,2.13813705657272e-10,1.88556750411544e-06,"White Catfish","YoY","TURBIDITY","0.48",-130.202327532535,0.575112292407417,0.00029193279705968
"117",15.5414858437655,2.00788538897881e-08,2.13813768913832e-10,1.88556787327355e-06,"White Catfish","YoY","TURBIDITY","0.48",-130.202327532535,0.575112292407417,0.00029193279705968
"118",16.4482563110995,2.00788587926615e-08,2.13813829980382e-10,1.88556825558304e-06,"White Catfish","YoY","TURBIDITY","0.48",-130.202327532535,0.575112292407417,0.00029193279705968
"119",17.3550267784336,2.00788636937242e-08,2.13813889191661e-10,1.88556865391363e-06,"White Catfish","YoY","TURBIDITY","0.48",-130.202327532535,0.575112292407417,0.00029193279705968
"120",18.2617972457676,2.00788686020745e-08,2.13813946639765e-10,1.8855690691619e-06,"White Catfish","YoY","TURBIDITY","0.48",-130.202327532535,0.575112292407417,0.00029193279705968
"121",19.1685677131016,2.00788735014416e-08,2.13814002122948e-10,1.88556950005112e-06,"White Catfish","YoY","TURBIDITY","0.48",-130.202327532535,0.575112292407417,0.00029193279705968
"122",20.0753381804356,2.00788783519707e-08,2.13814055165824e-10,1.88556994328818e-06,"White Catfish","YoY","TURBIDITY","0.48",-130.202327532535,0.575112292407417,0.00029193279705968
"123",20.9821086477696,2.00788830982761e-08,2.13814105142325e-10,1.88557039399188e-06,"White Catfish","YoY","TURBIDITY","0.48",-130.202327532535,0.575112292407417,0.00029193279705968
"124",21.8888791151036,2.00788876823954e-08,2.13814151456643e-10,1.88557084653025e-06,"White Catfish","YoY","TURBIDITY","0.48",-130.202327532535,0.575112292407417,0.00029193279705968
"125",22.7956495824376,2.00788920566937e-08,2.13814193660177e-10,1.88557129591275e-06,"White Catfish","YoY","TURBIDITY","0.48",-130.202327532535,0.575112292407417,0.00029193279705968
"126",23.7024200497716,2.00788961937122e-08,2.13814231495764e-10,1.88557173925e-06,"White Catfish","YoY","TURBIDITY","0.48",-130.202327532535,0.575112292407417,0.00029193279705968
"127",24.6091905171056,2.00789000791505e-08,2.13814264817918e-10,1.88557217513919e-06,"White Catfish","YoY","TURBIDITY","0.48",-130.202327532535,0.575112292407417,0.00029193279705968
"128",25.5159609844397,2.00789037099112e-08,2.13814293581528e-10,1.88557260339642e-06,"White Catfish","YoY","TURBIDITY","0.48",-130.202327532535,0.575112292407417,0.00029193279705968
"129",26.4227314517737,2.0078907091084e-08,2.1381431783014e-10,1.88557302459356e-06,"White Catfish","YoY","TURBIDITY","0.48",-130.202327532535,0.575112292407417,0.00029193279705968
"130",27.3295019191077,2.00789102315385e-08,2.13814337666831e-10,1.88557343948747e-06,"White Catfish","YoY","TURBIDITY","0.48",-130.202327532535,0.575112292407417,0.00029193279705968
"131",28.2362723864417,2.00789131405951e-08,2.13814353217126e-10,1.88557384872173e-06,"White Catfish","YoY","TURBIDITY","0.48",-130.202327532535,0.575112292407417,0.00029193279705968
"132",29.1430428537757,2.00789158232094e-08,2.13814364563153e-10,1.8855742525028e-06,"White Catfish","YoY","TURBIDITY","0.48",-130.202327532535,0.575112292407417,0.00029193279705968
"133",30.0498133211097,2.00789182760604e-08,2.13814371698334e-10,1.88557465026498e-06,"White Catfish","YoY","TURBIDITY","0.48",-130.202327532535,0.575112292407417,0.00029193279705968
"134",30.9565837884437,2.00789204917185e-08,2.13814374599117e-10,1.88557504082057e-06,"White Catfish","YoY","TURBIDITY","0.48",-130.202327532535,0.575112292407417,0.00029193279705968
"135",31.8633542557778,2.00789224618504e-08,2.13814373289732e-10,1.88557542239076e-06,"White Catfish","YoY","TURBIDITY","0.48",-130.202327532535,0.575112292407417,0.00029193279705968
"136",32.7701247231118,2.00789241784956e-08,2.13814367865485e-10,1.88557579263997e-06,"White Catfish","YoY","TURBIDITY","0.48",-130.202327532535,0.575112292407417,0.00029193279705968
"137",33.6768951904458,2.00789256352997e-08,2.13814358496699e-10,1.88557614887272e-06,"White Catfish","YoY","TURBIDITY","0.48",-130.202327532535,0.575112292407417,0.00029193279705968
"138",34.5836656577798,2.00789268307653e-08,2.13814345409403e-10,1.88557648881447e-06,"White Catfish","YoY","TURBIDITY","0.48",-130.202327532535,0.575112292407417,0.00029193279705968
"139",35.4904361251138,2.00789277710278e-08,2.13814328841576e-10,1.8855768115189e-06,"White Catfish","YoY","TURBIDITY","0.48",-130.202327532535,0.575112292407417,0.00029193279705968
"140",36.3972065924478,2.00789284736439e-08,2.13814308986647e-10,1.88557711857763e-06,"White Catfish","YoY","TURBIDITY","0.48",-130.202327532535,0.575112292407417,0.00029193279705968
"141",37.3039770597818,2.00789289617556e-08,2.13814285971953e-10,1.88557741321415e-06,"White Catfish","YoY","TURBIDITY","0.48",-130.202327532535,0.575112292407417,0.00029193279705968
"142",38.2107475271158,2.00789292592883e-08,2.13814259873229e-10,1.88557769925421e-06,"White Catfish","YoY","TURBIDITY","0.48",-130.202327532535,0.575112292407417,0.00029193279705968
"143",39.1175179944498,2.00789293909856e-08,2.13814230726246e-10,1.88557798102957e-06,"White Catfish","YoY","TURBIDITY","0.48",-130.202327532535,0.575112292407417,0.00029193279705968
"144",40.0242884617839,2.00789293820282e-08,2.13814198540125e-10,1.88557826318917e-06,"White Catfish","YoY","TURBIDITY","0.48",-130.202327532535,0.575112292407417,0.00029193279705968
"145",40.9310589291179,2.00789292577123e-08,2.13814163317461e-10,1.88557855046121e-06,"White Catfish","YoY","TURBIDITY","0.48",-130.202327532535,0.575112292407417,0.00029193279705968
"146",41.8378293964519,2.00789290433339e-08,2.13814125070759e-10,1.88557884748642e-06,"White Catfish","YoY","TURBIDITY","0.48",-130.202327532535,0.575112292407417,0.00029193279705968
"147",42.7445998637859,2.0078928764173e-08,2.13814083833816e-10,1.88557915871477e-06,"White Catfish","YoY","TURBIDITY","0.48",-130.202327532535,0.575112292407417,0.00029193279705968
"148",43.6513703311199,2.00789284440863e-08,2.13814039661246e-10,1.88557948814533e-06,"White Catfish","YoY","TURBIDITY","0.48",-130.202327532535,0.575112292407417,0.00029193279705968
"149",44.5581407984539,2.00789281026952e-08,2.13813992613873e-10,1.88557983892698e-06,"White Catfish","YoY","TURBIDITY","0.48",-130.202327532535,0.575112292407417,0.00029193279705968
"150",45.4649112657879,2.00789277523036e-08,2.13813942736745e-10,1.88558021297336e-06,"White Catfish","YoY","TURBIDITY","0.48",-130.202327532535,0.575112292407417,0.00029193279705968
"151",0.0353056839487682,7.96334734425148e-08,8.61370305197464e-10,7.36209508762432e-06,"White Catfish","YoY","SALINITY","<0.01",-130.202327532535,0.575112292407417,0.00029193279705968
"152",0.615175211358924,5.92418759830503e-08,6.50484257658026e-10,5.39536480502529e-06,"White Catfish","YoY","SALINITY","<0.01",-130.202327532535,0.575112292407417,0.00029193279705968
"153",1.19504473876908,4.40720291552625e-08,4.86324758880712e-10,3.99392323420393e-06,"White Catfish","YoY","SALINITY","<0.01",-130.202327532535,0.575112292407417,0.00029193279705968
"154",1.77491426617923,3.27868230207463e-08,3.59953439362288e-10,2.98643003855783e-06,"White Catfish","YoY","SALINITY","<0.01",-130.202327532535,0.575112292407417,0.00029193279705968
"155",2.35478379358939,2.43914782584641e-08,2.63762372642761e-10,2.25560683911089e-06,"White Catfish","YoY","SALINITY","<0.01",-130.202327532535,0.575112292407417,0.00029193279705968
"156",2.93465332099954,1.81459361856698e-08,1.91368201216185e-10,1.72063591527636e-06,"White Catfish","YoY","SALINITY","<0.01",-130.202327532535,0.575112292407417,0.00029193279705968
"157",3.5145228484097,1.34996577066444e-08,1.37495200927976e-10,1.3254335930752e-06,"White Catfish","YoY","SALINITY","<0.01",-130.202327532535,0.575112292407417,0.00029193279705968
"158",4.09439237581986,1.00430985014107e-08,9.78500940342245e-11,1.030799494927e-06,"White Catfish","YoY","SALINITY","<0.01",-130.202327532535,0.575112292407417,0.00029193279705968
"159",4.67426190323001,7.47160134567279e-09,6.89934634720798e-11,8.0913210990271e-07,"White Catfish","YoY","SALINITY","<0.01",-130.202327532535,0.575112292407417,0.00029193279705968
"160",5.25413143064017,5.55853270025003e-09,4.82129050187367e-11,6.40850945773573e-07,"White Catfish","YoY","SALINITY","<0.01",-130.202327532535,0.575112292407417,0.00029193279705968
"161",5.83400095805032,4.13529858795158e-09,3.3402433996436e-11,5.11959530055172e-07,"White Catfish","YoY","SALINITY","<0.01",-130.202327532535,0.575112292407417,0.00029193279705968
"162",6.41387048546048,3.07647838191042e-09,2.29517024322931e-11,4.12375476820634e-07,"White Catfish","YoY","SALINITY","<0.01",-130.202327532535,0.575112292407417,0.00029193279705968
"163",6.99374001287063,2.28876596865006e-09,1.56474784798803e-11,3.34779157292742e-07,"White Catfish","YoY","SALINITY","<0.01",-130.202327532535,0.575112292407417,0.00029193279705968
"164",7.57360954028079,1.7027454998296e-09,1.0588682158036e-11,2.73815210799352e-07,"White Catfish","YoY","SALINITY","<0.01",-130.202327532535,0.575112292407417,0.00029193279705968
"165",8.15347906769094,1.26677419411808e-09,7.1151580939304e-12,2.25534954768245e-07,"White Catfish","YoY","SALINITY","<0.01",-130.202327532535,0.575112292407417,0.00029193279705968
"166",8.7333485951011,9.42431842363161e-10,4.74950313947589e-12,1.87004356333162e-07,"White Catfish","YoY","SALINITY","<0.01",-130.202327532535,0.575112292407417,0.00029193279705968
"167",9.31321812251125,7.01135587416455e-10,3.15068846547258e-12,1.56026569217812e-07,"White Catfish","YoY","SALINITY","<0.01",-130.202327532535,0.575112292407417,0.00029193279705968
"168",9.89308764992141,5.21621343778657e-10,2.07789826986047e-12,1.30944247960572e-07,"White Catfish","YoY","SALINITY","<0.01",-130.202327532535,0.575112292407417,0.00029193279705968
"169",10.4729571773316,3.88069867371283e-10,1.36290771607851e-12,1.10497739637781e-07,"White Catfish","YoY","SALINITY","<0.01",-130.202327532535,0.575112292407417,0.00029193279705968
"170",11.0528267047417,2.88712549948659e-10,8.89378666028083e-13,9.37226624404154e-08,"White Catfish","YoY","SALINITY","<0.01",-130.202327532535,0.575112292407417,0.00029193279705968
"171",11.6326962321519,2.14794201889112e-10,5.77606480504706e-13,7.98754008522669e-08,"White Catfish","YoY","SALINITY","<0.01",-130.202327532535,0.575112292407417,0.00029193279705968
"172",12.212565759562,1.59801417185905e-10,3.73457745935064e-13,6.83785333483588e-08,"White Catfish","YoY","SALINITY","<0.01",-130.202327532535,0.575112292407417,0.00029193279705968
"173",12.7924352869722,1.18888523943164e-10,2.40461666046334e-13,5.87806004914763e-08,"White Catfish","YoY","SALINITY","<0.01",-130.202327532535,0.575112292407417,0.00029193279705968
"174",13.3723048143823,8.84505515834944e-11,1.54229701426849e-13,5.07262868503646e-08,"White Catfish","YoY","SALINITY","<0.01",-130.202327532535,0.575112292407417,0.00029193279705968
"175",13.9521743417925,6.58055503464672e-11,9.85650008294423e-14,4.39341593868064e-08,"White Catfish","YoY","SALINITY","<0.01",-130.202327532535,0.575112292407417,0.00029193279705968
"176",14.5320438692027,4.89582552523314e-11,6.27793630221755e-14,3.81799152136312e-08,"White Catfish","YoY","SALINITY","<0.01",-130.202327532535,0.575112292407417,0.00029193279705968
"177",15.1119133966128,3.64242652935919e-11,3.98611631352764e-14,3.32837026776029e-08,"White Catfish","YoY","SALINITY","<0.01",-130.202327532535,0.575112292407417,0.00029193279705968
"178",15.691782924023,2.70992417124197e-11,2.52356359207351e-14,2.91004714006333e-08,"White Catfish","YoY","SALINITY","<0.01",-130.202327532535,0.575112292407417,0.00029193279705968
"179",16.2716524514331,2.01615971083745e-11,1.59329219770945e-14,2.55125832251482e-08,"White Catfish","YoY","SALINITY","<0.01",-130.202327532535,0.575112292407417,0.00029193279705968
"180",16.8515219788433,1.50000993537155e-11,1.00339707347531e-14,2.24241216731907e-08,"White Catfish","YoY","SALINITY","<0.01",-130.202327532535,0.575112292407417,0.00029193279705968
"181",17.4313915062534,1.1160012422682e-11,6.30405252640951e-15,1.97564783530367e-08,"White Catfish","YoY","SALINITY","<0.01",-130.202327532535,0.575112292407417,0.00029193279705968
"182",18.0112610336636,8.3030275100745e-12,3.95188448763666e-15,1.74449091436582e-08,"White Catfish","YoY","SALINITY","<0.01",-130.202327532535,0.575112292407417,0.00029193279705968
"183",18.5911305610737,6.17745317947559e-12,2.47222947140856e-15,1.54358356398327e-08,"White Catfish","YoY","SALINITY","<0.01",-130.202327532535,0.575112292407417,0.00029193279705968
"184",19.1710000884839,4.59603800086022e-12,1.54358820803141e-15,1.36847153894048e-08,"White Catfish","YoY","SALINITY","<0.01",-130.202327532535,0.575112292407417,0.00029193279705968
"185",19.750869615894,3.41947119827155e-12,9.62024322656755e-16,1.21543530661652e-08,"White Catfish","YoY","SALINITY","<0.01",-130.202327532535,0.575112292407417,0.00029193279705968
"186",20.3307391433042,2.54410805759673e-12,5.98552778633486e-16,1.08135590373592e-08,"White Catfish","YoY","SALINITY","<0.01",-130.202327532535,0.575112292407417,0.00029193279705968
"187",20.9106086707144,1.89283838569123e-12,3.71814939748365e-16,9.63607636845079e-09,"White Catfish","YoY","SALINITY","<0.01",-130.202327532535,0.575112292407417,0.00029193279705968
"188",21.4904781981245,1.40829300691968e-12,2.30622669404234e-16,8.59971484356804e-09,"White Catfish","YoY","SALINITY","<0.01",-130.202327532535,0.575112292407417,0.00029193279705968
"189",22.0703477255347,1.04778971152972e-12,2.22044604925031e-16,7.68565031698745e-09,"White Catfish","YoY","SALINITY","<0.01",-130.202327532535,0.575112292407417,0.00029193279705968
"190",22.6502172529448,7.79573224855702e-13,2.22044604925031e-16,6.87785827121876e-09,"White Catfish","YoY","SALINITY","<0.01",-130.202327532535,0.575112292407417,0.00029193279705968
"191",23.230086780355,5.80017851472258e-13,2.22044604925031e-16,6.16265341432268e-09,"White Catfish","YoY","SALINITY","<0.01",-130.202327532535,0.575112292407417,0.00029193279705968
"192",23.8099563077651,4.3154626360985e-13,2.22044604925031e-16,5.52831270947505e-09,"White Catfish","YoY","SALINITY","<0.01",-130.202327532535,0.575112292407417,0.00029193279705968
"193",24.3898258351753,3.21081103980897e-13,2.22044604925031e-16,4.96476364771306e-09,"White Catfish","YoY","SALINITY","<0.01",-130.202327532535,0.575112292407417,0.00029193279705968
"194",24.9696953625854,2.38892943751857e-13,2.22044604925031e-16,4.46332583854049e-09,"White Catfish","YoY","SALINITY","<0.01",-130.202327532535,0.575112292407417,0.00029193279705968
"195",25.5495648899956,1.77743150644902e-13,2.22044604925031e-16,4.01649697929758e-09,"White Catfish","YoY","SALINITY","<0.01",-130.202327532535,0.575112292407417,0.00029193279705968
"196",26.1294344174058,1.32246195565648e-13,2.22044604925031e-16,3.61777535193573e-09,"White Catfish","YoY","SALINITY","<0.01",-130.202327532535,0.575112292407417,0.00029193279705968
"197",26.7093039448159,9.83952295619296e-14,2.22044604925031e-16,3.26151188610493e-09,"White Catfish","YoY","SALINITY","<0.01",-130.202327532535,0.575112292407417,0.00029193279705968
"198",27.2891734722261,7.32091273420157e-14,2.22044604925031e-16,2.94278669654201e-09,"White Catfish","YoY","SALINITY","<0.01",-130.202327532535,0.575112292407417,0.00029193279705968
"199",27.8690429996362,5.446989884691e-14,2.22044604925031e-16,2.65730582624733e-09,"White Catfish","YoY","SALINITY","<0.01",-130.202327532535,0.575112292407417,0.00029193279705968
"200",28.4489125270464,4.05273269522074e-14,2.22044604925031e-16,2.40131436446942e-09,"White Catfish","YoY","SALINITY","<0.01",-130.202327532535,0.575112292407417,0.00029193279705968
"201",12.3105783471458,8.8926076811941e-06,2.32835923105299e-06,3.39631747184775e-05,"White Catfish","Older.age","WATER.TEMPERATURE","0.04",-122.310041928945,0.175091455337779,0.000193731118272377
"202",12.6319375793226,9.13575124948054e-06,2.45582302176446e-06,3.39853279950195e-05,"White Catfish","Older.age","WATER.TEMPERATURE","0.04",-122.310041928945,0.175091455337779,0.000193731118272377
"203",12.9532968114993,9.38554293500653e-06,2.58984988387183e-06,3.40129428865423e-05,"White Catfish","Older.age","WATER.TEMPERATURE","0.04",-122.310041928945,0.175091455337779,0.000193731118272377
"204",13.274656043676,9.6421645651305e-06,2.73072671607946e-06,3.40463719615775e-05,"White Catfish","Older.age","WATER.TEMPERATURE","0.04",-122.310041928945,0.175091455337779,0.000193731118272377
"205",13.5960152758528,9.90580297313149e-06,2.87874604751499e-06,3.40859981821616e-05,"White Catfish","Older.age","WATER.TEMPERATURE","0.04",-122.310041928945,0.175091455337779,0.000193731118272377
"206",13.9173745080295,1.01766501255199e-05,3.03420502496462e-06,3.41322379091542e-05,"White Catfish","Older.age","WATER.TEMPERATURE","0.04",-122.310041928945,0.175091455337779,0.000193731118272377
"207",14.2387337402062,1.04549032557401e-05,3.19740417131832e-06,3.41855443448105e-05,"White Catfish","Older.age","WATER.TEMPERATURE","0.04",-122.310041928945,0.175091455337779,0.000193731118272377
"208",14.5600929723829,1.07407649936118e-05,3.36864588651851e-06,3.42464113279727e-05,"White Catfish","Older.age","WATER.TEMPERATURE","0.04",-122.310041928945,0.175091455337779,0.000193731118272377
"209",14.8814522045597,1.103444350359e-05,3.54823265858981e-06,3.43153775835858e-05,"White Catfish","Older.age","WATER.TEMPERATURE","0.04",-122.310041928945,0.175091455337779,0.000193731118272377
"210",15.2028114367364,1.13361526319725e-05,3.73646494702618e-06,3.43930314661871e-05,"White Catfish","Older.age","WATER.TEMPERATURE","0.04",-122.310041928945,0.175091455337779,0.000193731118272377
"211",15.5241706689131,1.16461120309976e-05,3.93363867870094e-06,3.44800162183014e-05,"White Catfish","Older.age","WATER.TEMPERATURE","0.04",-122.310041928945,0.175091455337779,0.000193731118272377
"212",15.8455299010899,1.19645472677653e-05,4.14004232258916e-06,3.45770357325875e-05,"White Catfish","Older.age","WATER.TEMPERATURE","0.04",-122.310041928945,0.175091455337779,0.000193731118272377
"213",16.1668891332666,1.22916899926411e-05,4.3559535519975e-06,3.46848608626484e-05,"White Catfish","Older.age","WATER.TEMPERATURE","0.04",-122.310041928945,0.175091455337779,0.000193731118272377
"214",16.4882483654433,1.26277781532737e-05,4.58163543221961e-06,3.48043364530742e-05,"White Catfish","Older.age","WATER.TEMPERATURE","0.04",-122.310041928945,0.175091455337779,0.000193731118272377
"215",16.8096075976201,1.29730561947152e-05,4.8173320448186e-06,3.49363891601074e-05,"White Catfish","Older.age","WATER.TEMPERATURE","0.04",-122.310041928945,0.175091455337779,0.000193731118272377
"216",17.1309668297968,1.33277752951641e-05,5.06326351889314e-06,3.50820362510415e-05,"White Catfish","Older.age","WATER.TEMPERATURE","0.04",-122.310041928945,0.175091455337779,0.000193731118272377
"217",17.4523260619735,1.36921935508424e-05,5.31962041060653e-06,3.524239508893e-05,"White Catfish","Older.age","WATER.TEMPERATURE","0.04",-122.310041928945,0.175091455337779,0.000193731118272377
"218",17.7736852941502,1.40665761259322e-05,5.58655741813983e-06,3.54186933198176e-05,"White Catfish","Older.age","WATER.TEMPERATURE","0.04",-122.310041928945,0.175091455337779,0.000193731118272377
"219",18.095044526327,1.44511954652466e-05,5.86418643369564e-06,3.56122801919776e-05,"White Catfish","Older.age","WATER.TEMPERATURE","0.04",-122.310041928945,0.175091455337779,0.000193731118272377
"220",18.4164037585037,1.48463315058601e-05,6.15256891017669e-06,3.58246388459489e-05,"White Catfish","Older.age","WATER.TEMPERATURE","0.04",-122.310041928945,0.175091455337779,0.000193731118272377
"221",18.7377629906804,1.52522718630348e-05,6.45170759557659e-06,3.60573993067228e-05,"White Catfish","Older.age","WATER.TEMPERATURE","0.04",-122.310041928945,0.175091455337779,0.000193731118272377
"222",19.0591222228572,1.56693120229798e-05,6.76153772226934e-06,3.63123522131435e-05,"White Catfish","Older.age","WATER.TEMPERATURE","0.04",-122.310041928945,0.175091455337779,0.000193731118272377
"223",19.3804814550339,1.60977555560454e-05,7.08191773902892e-06,3.65914634272105e-05,"White Catfish","Older.age","WATER.TEMPERATURE","0.04",-122.310041928945,0.175091455337779,0.000193731118272377
"224",19.7018406872106,1.6537914333773e-05,7.41261974681816e-06,3.68968893391053e-05,"White Catfish","Older.age","WATER.TEMPERATURE","0.04",-122.310041928945,0.175091455337779,0.000193731118272377
"225",20.0231999193874,1.69901087426079e-05,7.75331988345574e-06,3.72309925844281e-05,"White Catfish","Older.age","WATER.TEMPERATURE","0.04",-122.310041928945,0.175091455337779,0.000193731118272377
"226",20.3445591515641,1.74546679114096e-05,8.10358904739655e-06,3.75963576281637e-05,"White Catfish","Older.age","WATER.TEMPERATURE","0.04",-122.310041928945,0.175091455337779,0.000193731118272377
"227",20.6659183837408,1.79319299557854e-05,8.46288437217622e-06,3.79958058976183e-05,"White Catfish","Older.age","WATER.TEMPERATURE","0.04",-122.310041928945,0.175091455337779,0.000193731118272377
"228",20.9872776159175,1.84222422368314e-05,8.83054191557261e-06,3.84324101824378e-05,"White Catfish","Older.age","WATER.TEMPERATURE","0.04",-122.310041928945,0.175091455337779,0.000193731118272377
"229",21.3086368480943,1.8925961636945e-05,9.20577112745943e-06,3.89095078428227e-05,"White Catfish","Older.age","WATER.TEMPERATURE","0.04",-122.310041928945,0.175091455337779,0.000193731118272377
"230",21.629996080271,1.94434548290682e-05,9.58765180442676e-06,3.94307118574609e-05,"White Catfish","Older.age","WATER.TEMPERATURE","0.04",-122.310041928945,0.175091455337779,0.000193731118272377
"231",21.9513553124477,1.99750985357208e-05,9.97513423537935e-06,3.99999190082658e-05,"White Catfish","Older.age","WATER.TEMPERATURE","0.04",-122.310041928945,0.175091455337779,0.000193731118272377
"232",22.2727145446245,2.05212797950759e-05,1.03670431940974e-05,4.06213147320118e-05,"White Catfish","Older.age","WATER.TEMPERATURE","0.04",-122.310041928945,0.175091455337779,0.000193731118272377
"233",22.5940737768012,2.10823962224351e-05,1.07620863575176e-05,4.1299374091091e-05,"White Catfish","Older.age","WATER.TEMPERATURE","0.04",-122.310041928945,0.175091455337779,0.000193731118272377
"234",22.9154330089779,2.16588562493184e-05,1.11588675251844e-05,4.20388586001146e-05,"White Catfish","Older.age","WATER.TEMPERATURE","0.04",-122.310041928945,0.175091455337779,0.000193731118272377
"235",23.2367922411547,2.22510793814058e-05,1.15559049507492e-05,4.28448084116096e-05,"White Catfish","Older.age","WATER.TEMPERATURE","0.04",-122.310041928945,0.175091455337779,0.000193731118272377
"236",23.5581514733314,2.28594965379939e-05,1.19516547445737e-05,4.37225299038869e-05,"White Catfish","Older.age","WATER.TEMPERATURE","0.04",-122.310041928945,0.175091455337779,0.000193731118272377
"237",23.8795107055081,2.34845504335522e-05,1.2344538603944e-05,4.46775798400312e-05,"White Catfish","Older.age","WATER.TEMPERATURE","0.04",-122.310041928945,0.175091455337779,0.000193731118272377
"238",24.2008699376848,2.41266959651916e-05,1.27329748232779e-05,4.57157472056434e-05,"White Catfish","Older.age","WATER.TEMPERATURE","0.04",-122.310041928945,0.175091455337779,0.000193731118272377
"239",24.5222291698616,2.47864005576506e-05,1.31154113250045e-05,4.68430335412366e-05,"White Catfish","Older.age","WATER.TEMPERATURE","0.04",-122.310041928945,0.175091455337779,0.000193731118272377
"240",24.8435884020383,2.54641444632058e-05,1.34903591136471e-05,4.80656332259572e-05,"White Catfish","Older.age","WATER.TEMPERATURE","0.04",-122.310041928945,0.175091455337779,0.000193731118272377
"241",25.164947634215,2.61604210153733e-05,1.38564241947225e-05,4.93899160479107e-05,"White Catfish","Older.age","WATER.TEMPERATURE","0.04",-122.310041928945,0.175091455337779,0.000193731118272377
"242",25.4863068663918,2.68757369042278e-05,1.42123361059378e-05,5.08224143280358e-05,"White Catfish","Older.age","WATER.TEMPERATURE","0.04",-122.310041928945,0.175091455337779,0.000193731118272377
"243",25.8076660985685,2.76106125235405e-05,1.45569716536622e-05,5.23698157874277e-05,"White Catfish","Older.age","WATER.TEMPERATURE","0.04",-122.310041928945,0.175091455337779,0.000193731118272377
"244",26.1290253307452,2.83655823707387e-05,1.48893726953768e-05,5.4038963205011e-05,"White Catfish","Older.age","WATER.TEMPERATURE","0.04",-122.310041928945,0.175091455337779,0.000193731118272377
"245",26.450384562922,2.914119552796e-05,1.52087572619613e-05,5.58368617613981e-05,"White Catfish","Older.age","WATER.TEMPERATURE","0.04",-122.310041928945,0.175091455337779,0.000193731118272377
"246",26.7717437950987,2.99380161336309e-05,1.55145236090086e-05,5.77706949053282e-05,"White Catfish","Older.age","WATER.TEMPERATURE","0.04",-122.310041928945,0.175091455337779,0.000193731118272377
"247",27.0931030272754,3.07566239418879e-05,1.58062476638802e-05,5.98478485481667e-05,"White Catfish","Older.age","WATER.TEMPERATURE","0.04",-122.310041928945,0.175091455337779,0.000193731118272377
"248",27.4144622594521,3.15976147294531e-05,1.60836749232571e-05,6.20759410616568e-05,"White Catfish","Older.age","WATER.TEMPERATURE","0.04",-122.310041928945,0.175091455337779,0.000193731118272377
"249",27.7358214916289,3.24616006983844e-05,1.63467079394766e-05,6.44628584423767e-05,"White Catfish","Older.age","WATER.TEMPERATURE","0.04",-122.310041928945,0.175091455337779,0.000193731118272377
"250",28.0571807238056,3.33492108462862e-05,1.65953904278675e-05,6.70167941455879e-05,"White Catfish","Older.age","WATER.TEMPERATURE","0.04",-122.310041928945,0.175091455337779,0.000193731118272377
"251",4.59639304444904,2.29521465849958e-05,1.2006598328927e-05,4.38759604033669e-05,"White Catfish","Older.age","DISSOLVED.OXYGEN","0.21",-122.310041928945,0.175091455337779,0.000193731118272377
"252",4.71998960485683,2.29522954219685e-05,1.20071294275287e-05,4.38745887030675e-05,"White Catfish","Older.age","DISSOLVED.OXYGEN","0.21",-122.310041928945,0.175091455337779,0.000193731118272377
"253",4.84358616526462,2.2952445317248e-05,1.20076299521017e-05,4.38733328844007e-05,"White Catfish","Older.age","DISSOLVED.OXYGEN","0.21",-122.310041928945,0.175091455337779,0.000193731118272377
"254",4.9671827256724,2.29525973282031e-05,1.20081019037318e-05,4.38721896544624e-05,"White Catfish","Older.age","DISSOLVED.OXYGEN","0.21",-122.310041928945,0.175091455337779,0.000193731118272377
"255",5.09077928608019,2.29527525122313e-05,1.2008547610307e-05,4.3871154529592e-05,"White Catfish","Older.age","DISSOLVED.OXYGEN","0.21",-122.310041928945,0.175091455337779,0.000193731118272377
"256",5.21437584648798,2.29529119385923e-05,1.20089696585839e-05,4.38702221288564e-05,"White Catfish","Older.age","DISSOLVED.OXYGEN","0.21",-122.310041928945,0.175091455337779,0.000193731118272377
"257",5.33797240689577,2.29530769030631e-05,1.20093711416404e-05,4.38693860905995e-05,"White Catfish","Older.age","DISSOLVED.OXYGEN","0.21",-122.310041928945,0.175091455337779,0.000193731118272377
"258",5.46156896730355,2.29532491809373e-05,1.20097559607809e-05,4.38686389367681e-05,"White Catfish","Older.age","DISSOLVED.OXYGEN","0.21",-122.310041928945,0.175091455337779,0.000193731118272377
"259",5.58516552771134,2.29534310874932e-05,1.20101286727275e-05,4.38679728623299e-05,"White Catfish","Older.age","DISSOLVED.OXYGEN","0.21",-122.310041928945,0.175091455337779,0.000193731118272377
"260",5.70876208811913,2.29536250465966e-05,1.20104932629685e-05,4.38673825665612e-05,"White Catfish","Older.age","DISSOLVED.OXYGEN","0.21",-122.310041928945,0.175091455337779,0.000193731118272377
"261",5.83235864852692,2.29538328768828e-05,1.20108516810495e-05,4.38668678734217e-05,"White Catfish","Older.age","DISSOLVED.OXYGEN","0.21",-122.310041928945,0.175091455337779,0.000193731118272377
"262",5.9559552089347,2.29540553059617e-05,1.20112033630151e-05,4.38664336174296e-05,"White Catfish","Older.age","DISSOLVED.OXYGEN","0.21",-122.310041928945,0.175091455337779,0.000193731118272377
"263",6.07955176934249,2.29542914198143e-05,1.20115449029189e-05,4.38660887374881e-05,"White Catfish","Older.age","DISSOLVED.OXYGEN","0.21",-122.310041928945,0.175091455337779,0.000193731118272377
"264",6.20314832975028,2.29545389683529e-05,1.20118714924114e-05,4.38658421864164e-05,"White Catfish","Older.age","DISSOLVED.OXYGEN","0.21",-122.310041928945,0.175091455337779,0.000193731118272377
"265",6.32674489015807,2.29547951012897e-05,1.20121786182761e-05,4.38656995443355e-05,"White Catfish","Older.age","DISSOLVED.OXYGEN","0.21",-122.310041928945,0.175091455337779,0.000193731118272377
"266",6.45034145056585,2.29550569570288e-05,1.20124628553307e-05,4.38656623746894e-05,"White Catfish","Older.age","DISSOLVED.OXYGEN","0.21",-122.310041928945,0.175091455337779,0.000193731118272377
"267",6.57393801097364,2.29553222752041e-05,1.20127222367281e-05,4.3865729213931e-05,"White Catfish","Older.age","DISSOLVED.OXYGEN","0.21",-122.310041928945,0.175091455337779,0.000193731118272377
"268",6.69753457138143,2.29555903459761e-05,1.20129566105015e-05,4.38658978982421e-05,"White Catfish","Older.age","DISSOLVED.OXYGEN","0.21",-122.310041928945,0.175091455337779,0.000193731118272377
"269",6.82113113178922,2.2955861449497e-05,1.20131667826829e-05,4.38661665505333e-05,"White Catfish","Older.age","DISSOLVED.OXYGEN","0.21",-122.310041928945,0.175091455337779,0.000193731118272377
"270",6.944727692197,2.29561351818772e-05,1.20133527278113e-05,4.38665337169894e-05,"White Catfish","Older.age","DISSOLVED.OXYGEN","0.21",-122.310041928945,0.175091455337779,0.000193731118272377
"271",7.06832425260479,2.29564088918191e-05,1.20135122689784e-05,4.3866997211899e-05,"White Catfish","Older.age","DISSOLVED.OXYGEN","0.21",-122.310041928945,0.175091455337779,0.000193731118272377
"272",7.19192081301258,2.29566784282773e-05,1.2013642725305e-05,4.3867550959316e-05,"White Catfish","Older.age","DISSOLVED.OXYGEN","0.21",-122.310041928945,0.175091455337779,0.000193731118272377
"273",7.31551737342037,2.29569403577369e-05,1.20137430402426e-05,4.38681856956087e-05,"White Catfish","Older.age","DISSOLVED.OXYGEN","0.21",-122.310041928945,0.175091455337779,0.000193731118272377
"274",7.43911393382816,2.29571934182098e-05,1.20138137585888e-05,4.38688946101162e-05,"White Catfish","Older.age","DISSOLVED.OXYGEN","0.21",-122.310041928945,0.175091455337779,0.000193731118272377
"275",7.56271049423594,2.29574383654273e-05,1.20138560875805e-05,4.38696761855865e-05,"White Catfish","Older.age","DISSOLVED.OXYGEN","0.21",-122.310041928945,0.175091455337779,0.000193731118272377
"276",7.68630705464373,2.29576768074566e-05,1.20138711433958e-05,4.38705324957111e-05,"White Catfish","Older.age","DISSOLVED.OXYGEN","0.21",-122.310041928945,0.175091455337779,0.000193731118272377
"277",7.80990361505152,2.29579096724159e-05,1.20138594011139e-05,4.38714653575802e-05,"White Catfish","Older.age","DISSOLVED.OXYGEN","0.21",-122.310041928945,0.175091455337779,0.000193731118272377
"278",7.93350017545931,2.29581360298376e-05,1.20138205880093e-05,4.38724722167558e-05,"White Catfish","Older.age","DISSOLVED.OXYGEN","0.21",-122.310041928945,0.175091455337779,0.000193731118272377
"279",8.05709673586709,2.29583536754226e-05,1.20137545651082e-05,4.38735451626932e-05,"White Catfish","Older.age","DISSOLVED.OXYGEN","0.21",-122.310041928945,0.175091455337779,0.000193731118272377
"280",8.18069329627488,2.29585601330654e-05,1.20136619557544e-05,4.38746724624715e-05,"White Catfish","Older.age","DISSOLVED.OXYGEN","0.21",-122.310041928945,0.175091455337779,0.000193731118272377
"281",8.30428985668267,2.29587534537069e-05,1.20135437954027e-05,4.38758428924037e-05,"White Catfish","Older.age","DISSOLVED.OXYGEN","0.21",-122.310041928945,0.175091455337779,0.000193731118272377
"282",8.42788641709046,2.29589325904852e-05,1.20134008937413e-05,4.38770495013662e-05,"White Catfish","Older.age","DISSOLVED.OXYGEN","0.21",-122.310041928945,0.175091455337779,0.000193731118272377
"283",8.55148297749824,2.29590971338368e-05,1.20132338129748e-05,4.38782886779113e-05,"White Catfish","Older.age","DISSOLVED.OXYGEN","0.21",-122.310041928945,0.175091455337779,0.000193731118272377
"284",8.67507953790603,2.29592472105877e-05,1.20130429177678e-05,4.38795595824631e-05,"White Catfish","Older.age","DISSOLVED.OXYGEN","0.21",-122.310041928945,0.175091455337779,0.000193731118272377
"285",8.79867609831382,2.29593835399698e-05,1.20128282845526e-05,4.38808646930617e-05,"White Catfish","Older.age","DISSOLVED.OXYGEN","0.21",-122.310041928945,0.175091455337779,0.000193731118272377
"286",8.92227265872161,2.2959507118161e-05,1.2012589893746e-05,4.38822078978429e-05,"White Catfish","Older.age","DISSOLVED.OXYGEN","0.21",-122.310041928945,0.175091455337779,0.000193731118272377
"287",9.04586921912939,2.29596186155881e-05,1.2012328081473e-05,4.38835905411448e-05,"White Catfish","Older.age","DISSOLVED.OXYGEN","0.21",-122.310041928945,0.175091455337779,0.000193731118272377
"288",9.16946577953718,2.2959717889775e-05,1.20120438276407e-05,4.38850085082976e-05,"White Catfish","Older.age","DISSOLVED.OXYGEN","0.21",-122.310041928945,0.175091455337779,0.000193731118272377
"289",9.29306233994497,2.29598041282228e-05,1.20117389294731e-05,4.38864521366584e-05,"White Catfish","Older.age","DISSOLVED.OXYGEN","0.21",-122.310041928945,0.175091455337779,0.000193731118272377
"290",9.41665890035276,2.29598764330935e-05,1.20114161052882e-05,4.38879080702926e-05,"White Catfish","Older.age","DISSOLVED.OXYGEN","0.21",-122.310041928945,0.175091455337779,0.000193731118272377
"291",9.54025546076054,2.29599340671753e-05,1.20110785153698e-05,4.38893619498422e-05,"White Catfish","Older.age","DISSOLVED.OXYGEN","0.21",-122.310041928945,0.175091455337779,0.000193731118272377
"292",9.66385202116833,2.29599765054947e-05,1.20107295950231e-05,4.38907992193338e-05,"White Catfish","Older.age","DISSOLVED.OXYGEN","0.21",-122.310041928945,0.175091455337779,0.000193731118272377
"293",9.78744858157612,2.29600038349544e-05,1.20103719116074e-05,4.38922108308442e-05,"White Catfish","Older.age","DISSOLVED.OXYGEN","0.21",-122.310041928945,0.175091455337779,0.000193731118272377
"294",9.91104514198391,2.29600168533082e-05,1.20100063908452e-05,4.38935964518748e-05,"White Catfish","Older.age","DISSOLVED.OXYGEN","0.21",-122.310041928945,0.175091455337779,0.000193731118272377
"295",10.0346417023917,2.29600170913241e-05,1.20096318562976e-05,4.38949662355771e-05,"White Catfish","Older.age","DISSOLVED.OXYGEN","0.21",-122.310041928945,0.175091455337779,0.000193731118272377
"296",10.1582382627995,2.29600063123585e-05,1.20092461199864e-05,4.38963349236561e-05,"White Catfish","Older.age","DISSOLVED.OXYGEN","0.21",-122.310041928945,0.175091455337779,0.000193731118272377
"297",10.2818348232073,2.29599866161802e-05,1.20088457840396e-05,4.38977229698296e-05,"White Catfish","Older.age","DISSOLVED.OXYGEN","0.21",-122.310041928945,0.175091455337779,0.000193731118272377
"298",10.4054313836151,2.29599606394504e-05,1.2008425667376e-05,4.38991594041571e-05,"White Catfish","Older.age","DISSOLVED.OXYGEN","0.21",-122.310041928945,0.175091455337779,0.000193731118272377
"299",10.5290279440228,2.29599310327695e-05,1.20079802578687e-05,4.39006745271832e-05,"White Catfish","Older.age","DISSOLVED.OXYGEN","0.21",-122.310041928945,0.175091455337779,0.000193731118272377
"300",10.6526245044306,2.29599000217851e-05,1.20075051462783e-05,4.39022929899604e-05,"White Catfish","Older.age","DISSOLVED.OXYGEN","0.21",-122.310041928945,0.175091455337779,0.000193731118272377
"301",1.03315836642133,1.42643660140174e-05,5.129122782958e-06,3.96699682171599e-05,"White Catfish","Older.age","TURBIDITY","<0.01",-122.310041928945,0.175091455337779,0.000193731118272377
"302",1.93992883375534,1.48956459983467e-05,5.75264697446848e-06,3.85701174942275e-05,"White Catfish","Older.age","TURBIDITY","<0.01",-122.310041928945,0.175091455337779,0.000193731118272377
"303",2.84669930108936,1.55612968061977e-05,6.40675692263437e-06,3.77966514438958e-05,"White Catfish","Older.age","TURBIDITY","<0.01",-122.310041928945,0.175091455337779,0.000193731118272377
"304",3.75346976842337,1.62804399151569e-05,7.08712308252092e-06,3.73991986233083e-05,"White Catfish","Older.age","TURBIDITY","<0.01",-122.310041928945,0.175091455337779,0.000193731118272377
"305",4.66024023575738,1.70872136025624e-05,7.80403055478781e-06,3.74130863083905e-05,"White Catfish","Older.age","TURBIDITY","<0.01",-122.310041928945,0.175091455337779,0.000193731118272377
"306",5.56701070309139,1.8023630978372e-05,8.57776787855605e-06,3.7871306177058e-05,"White Catfish","Older.age","TURBIDITY","<0.01",-122.310041928945,0.175091455337779,0.000193731118272377
"307",6.47378117042541,1.91245304133042e-05,9.42197587152643e-06,3.88185735684912e-05,"White Catfish","Older.age","TURBIDITY","<0.01",-122.310041928945,0.175091455337779,0.000193731118272377
"308",7.38055163775942,2.04102787300508e-05,1.03394296523169e-05,4.02903730521557e-05,"White Catfish","Older.age","TURBIDITY","<0.01",-122.310041928945,0.175091455337779,0.000193731118272377
"309",8.28732210509343,2.18932840493768e-05,1.13325860513003e-05,4.22953670324613e-05,"White Catfish","Older.age","TURBIDITY","<0.01",-122.310041928945,0.175091455337779,0.000193731118272377
"310",9.19409257242744,2.35935159522394e-05,1.24118255057919e-05,4.48486803757283e-05,"White Catfish","Older.age","TURBIDITY","<0.01",-122.310041928945,0.175091455337779,0.000193731118272377
"311",10.1008630397615,2.55432005320279e-05,1.35965562198712e-05,4.79867903951909e-05,"White Catfish","Older.age","TURBIDITY","<0.01",-122.310041928945,0.175091455337779,0.000193731118272377
"312",11.0076335070955,2.77770753608416e-05,1.49114865768089e-05,5.17430580531018e-05,"White Catfish","Older.age","TURBIDITY","<0.01",-122.310041928945,0.175091455337779,0.000193731118272377
"313",11.9144039744295,3.03181234066949e-05,1.63746753926096e-05,5.61347681626984e-05,"White Catfish","Older.age","TURBIDITY","<0.01",-122.310041928945,0.175091455337779,0.000193731118272377
"314",12.8211744417635,3.31638118474109e-05,1.79818724141224e-05,6.11637315025485e-05,"White Catfish","Older.age","TURBIDITY","<0.01",-122.310041928945,0.175091455337779,0.000193731118272377
"315",13.7279449090975,3.62869938569166e-05,1.97129429935225e-05,6.67960092820527e-05,"White Catfish","Older.age","TURBIDITY","<0.01",-122.310041928945,0.175091455337779,0.000193731118272377
"316",14.6347153764315,3.96417230332132e-05,2.15345059001557e-05,7.29743330229193e-05,"White Catfish","Older.age","TURBIDITY","<0.01",-122.310041928945,0.175091455337779,0.000193731118272377
"317",15.5414858437655,4.31744194645628e-05,2.34021688693322e-05,7.96520402237065e-05,"White Catfish","Older.age","TURBIDITY","<0.01",-122.310041928945,0.175091455337779,0.000193731118272377
"318",16.4482563110995,4.68416405927616e-05,2.52679054300361e-05,8.6835028708524e-05,"White Catfish","Older.age","TURBIDITY","<0.01",-122.310041928945,0.175091455337779,0.000193731118272377
"319",17.3550267784336,5.06238632550178e-05,2.70939298895755e-05,9.45885495868498e-05,"White Catfish","Older.age","TURBIDITY","<0.01",-122.310041928945,0.175091455337779,0.000193731118272377
"320",18.2617972457676,5.45166630585879e-05,2.8856821020889e-05,0.000102993553894664,"White Catfish","Older.age","TURBIDITY","<0.01",-122.310041928945,0.175091455337779,0.000193731118272377
"321",19.1685677131016,5.85178044002995e-05,3.05340224503297e-05,0.000112148127139231,"White Catfish","Older.age","TURBIDITY","<0.01",-122.310041928945,0.175091455337779,0.000193731118272377
"322",20.0753381804356,6.2615165066302e-05,3.20882353899198e-05,0.000122183686595365,"White Catfish","Older.age","TURBIDITY","<0.01",-122.310041928945,0.175091455337779,0.000193731118272377
"323",20.9821086477696,6.67806254863877e-05,3.34740320368233e-05,0.000133227211333469,"White Catfish","Older.age","TURBIDITY","<0.01",-122.310041928945,0.175091455337779,0.000193731118272377
"324",21.8888791151036,7.09725558845065e-05,3.46598855401001e-05,0.000145329495763962,"White Catfish","Older.age","TURBIDITY","<0.01",-122.310041928945,0.175091455337779,0.000193731118272377
"325",22.7956495824376,7.51393310489677e-05,3.56229749548639e-05,0.000158490947980622,"White Catfish","Older.age","TURBIDITY","<0.01",-122.310041928945,0.175091455337779,0.000193731118272377
"326",23.7024200497716,7.9223814736477e-05,3.63275777957166e-05,0.000172772675808286,"White Catfish","Older.age","TURBIDITY","<0.01",-122.310041928945,0.175091455337779,0.000193731118272377
"327",24.6091905171056,8.31667834368207e-05,3.67323028882742e-05,0.000188300578057005,"White Catfish","Older.age","TURBIDITY","<0.01",-122.310041928945,0.175091455337779,0.000193731118272377
"328",25.5159609844397,8.69098486359779e-05,3.68033026249409e-05,0.000205234890653803,"White Catfish","Older.age","TURBIDITY","<0.01",-122.310041928945,0.175091455337779,0.000193731118272377
"329",26.4227314517737,9.03965666603002e-05,3.65275865941394e-05,0.000223708709660034,"White Catfish","Older.age","TURBIDITY","<0.01",-122.310041928945,0.175091455337779,0.000193731118272377
"330",27.3295019191077,9.35719973685135e-05,3.59170443804054e-05,0.000243776147023662,"White Catfish","Older.age","TURBIDITY","<0.01",-122.310041928945,0.175091455337779,0.000193731118272377
"331",28.2362723864417,9.63822172782981e-05,3.49990782640892e-05,0.000265422184475429,"White Catfish","Older.age","TURBIDITY","<0.01",-122.310041928945,0.175091455337779,0.000193731118272377
"332",29.1430428537757,9.87731032805192e-05,3.38011387260917e-05,0.000288633054960754,"White Catfish","Older.age","TURBIDITY","<0.01",-122.310041928945,0.175091455337779,0.000193731118272377
"333",30.0498133211097,0.000100690466789384,3.23456111995461e-05,0.000313444999994507,"White Catfish","Older.age","TURBIDITY","<0.01",-122.310041928945,0.175091455337779,0.000193731118272377
"334",30.9565837884437,0.000102084576148217,3.06655987250812e-05,0.000339835552561302,"White Catfish","Older.age","TURBIDITY","<0.01",-122.310041928945,0.175091455337779,0.000193731118272377
"335",31.8633542557778,0.000102913871838592,2.88135462161585e-05,0.000367579364836068,"White Catfish","Older.age","TURBIDITY","<0.01",-122.310041928945,0.175091455337779,0.000193731118272377
"336",32.7701247231118,0.000103149345501935,2.68568576886477e-05,0.00039616650617972,"White Catfish","Older.age","TURBIDITY","<0.01",-122.310041928945,0.175091455337779,0.000193731118272377
"337",33.6768951904458,0.000102778053636326,2.48675037388644e-05,0.000424784426301809,"White Catfish","Older.age","TURBIDITY","<0.01",-122.310041928945,0.175091455337779,0.000193731118272377
"338",34.5836656577798,0.000101810133378139,2.29088352042893e-05,0.000452458763880488,"White Catfish","Older.age","TURBIDITY","<0.01",-122.310041928945,0.175091455337779,0.000193731118272377
"339",35.4904361251138,0.000100282624404179,2.10256194787662e-05,0.000478302423742893,"White Catfish","Older.age","TURBIDITY","<0.01",-122.310041928945,0.175091455337779,0.000193731118272377
"340",36.3972065924478,9.82627443487639e-05,1.92388004337515e-05,0.000501879883841995,"White Catfish","Older.age","TURBIDITY","<0.01",-122.310041928945,0.175091455337779,0.000193731118272377
"341",37.3039770597818,9.58319467068321e-05,1.75543987107782e-05,0.000523160158370016,"White Catfish","Older.age","TURBIDITY","<0.01",-122.310041928945,0.175091455337779,0.000193731118272377
"342",38.2107475271158,9.30733036047911e-05,1.59724978307829e-05,0.000542347223063296,"White Catfish","Older.age","TURBIDITY","<0.01",-122.310041928945,0.175091455337779,0.000193731118272377
"343",39.1175179944498,9.00684938062108e-05,1.44901237826522e-05,0.000559852607072388,"White Catfish","Older.age","TURBIDITY","<0.01",-122.310041928945,0.175091455337779,0.000193731118272377
"344",40.0242884617839,8.68947927534154e-05,1.31033866835967e-05,0.000576240722340223,"White Catfish","Older.age","TURBIDITY","<0.01",-122.310041928945,0.175091455337779,0.000193731118272377
"345",40.9310589291179,8.36233931319842e-05,1.18092181519998e-05,0.000592153670878051,"White Catfish","Older.age","TURBIDITY","<0.01",-122.310041928945,0.175091455337779,0.000193731118272377
"346",41.8378293964519,8.0318410198539e-05,1.06057885073804e-05,0.000608257180720848,"White Catfish","Older.age","TURBIDITY","<0.01",-122.310041928945,0.175091455337779,0.000193731118272377
"347",42.7445998637859,7.70363401324033e-05,9.49215563504746e-06,0.000625210745500557,"White Catfish","Older.age","TURBIDITY","<0.01",-122.310041928945,0.175091455337779,0.000193731118272377
"348",43.6513703311199,7.38235836468159e-05,8.4675612804068e-06,0.000643623508821727,"White Catfish","Older.age","TURBIDITY","<0.01",-122.310041928945,0.175091455337779,0.000193731118272377
"349",44.5581407984539,7.0712735854587e-05,7.53064651791454e-06,0.000663992261507093,"White Catfish","Older.age","TURBIDITY","<0.01",-122.310041928945,0.175091455337779,0.000193731118272377
"350",45.4649112657879,6.77200623128563e-05,6.67894300401712e-06,0.000686636618533627,"White Catfish","Older.age","TURBIDITY","<0.01",-122.310041928945,0.175091455337779,0.000193731118272377
"351",0.0353056839487682,5.53179019377895e-06,2.4245234347774e-06,1.26213268591477e-05,"White Catfish","Older.age","SALINITY","<0.01",-122.310041928945,0.175091455337779,0.000193731118272377
"352",0.615175211358924,8.13009976180508e-06,4.01971226743408e-06,1.64435953967163e-05,"White Catfish","Older.age","SALINITY","<0.01",-122.310041928945,0.175091455337779,0.000193731118272377
"353",1.19504473876908,1.16055845839735e-05,5.9651249429168e-06,2.25795092013452e-05,"White Catfish","Older.age","SALINITY","<0.01",-122.310041928945,0.175091455337779,0.000193731118272377
"354",1.77491426617923,1.57323212843986e-05,8.09122056350238e-06,3.05894433420814e-05,"White Catfish","Older.age","SALINITY","<0.01",-122.310041928945,0.175091455337779,0.000193731118272377
"355",2.35478379358939,2.01122942258739e-05,1.04008971139937e-05,3.88912970289732e-05,"White Catfish","Older.age","SALINITY","<0.01",-122.310041928945,0.175091455337779,0.000193731118272377
"356",2.93465332099954,2.44018418972209e-05,1.28740722661309e-05,4.62518677593158e-05,"White Catfish","Older.age","SALINITY","<0.01",-122.310041928945,0.175091455337779,0.000193731118272377
"357",3.5145228484097,2.84933373391897e-05,1.54541775766989e-05,5.25340328655834e-05,"White Catfish","Older.age","SALINITY","<0.01",-122.310041928945,0.175091455337779,0.000193731118272377
"358",4.09439237581986,3.25371318026663e-05,1.81837672022164e-05,5.82203310332218e-05,"White Catfish","Older.age","SALINITY","<0.01",-122.310041928945,0.175091455337779,0.000193731118272377
"359",4.67426190323001,3.68311275858873e-05,2.12187926417826e-05,6.39306855083129e-05,"White Catfish","Older.age","SALINITY","<0.01",-122.310041928945,0.175091455337779,0.000193731118272377
"360",5.25413143064017,4.16108495331653e-05,2.45908783084846e-05,7.041077496912e-05,"White Catfish","Older.age","SALINITY","<0.01",-122.310041928945,0.175091455337779,0.000193731118272377
"361",5.83400095805032,4.67888192939811e-05,2.79500101519469e-05,7.83253243567185e-05,"White Catfish","Older.age","SALINITY","<0.01",-122.310041928945,0.175091455337779,0.000193731118272377
"362",6.41387048546048,5.17265119077835e-05,3.06102755806917e-05,8.74096029319578e-05,"White Catfish","Older.age","SALINITY","<0.01",-122.310041928945,0.175091455337779,0.000193731118272377
"363",6.99374001287063,5.53868597242399e-05,3.19978175328202e-05,9.58722958828701e-05,"White Catfish","Older.age","SALINITY","<0.01",-122.310041928945,0.175091455337779,0.000193731118272377
"364",7.57360954028079,5.66879263092481e-05,3.17531739269311e-05,0.000101203142609855,"White Catfish","Older.age","SALINITY","<0.01",-122.310041928945,0.175091455337779,0.000193731118272377
"365",8.15347906769094,5.50108033432239e-05,2.97140456092966e-05,0.0001018437046324,"White Catfish","Older.age","SALINITY","<0.01",-122.310041928945,0.175091455337779,0.000193731118272377
"366",8.7333485951011,5.05634123924764e-05,2.60820377419561e-05,9.80237318136744e-05,"White Catfish","Older.age","SALINITY","<0.01",-122.310041928945,0.175091455337779,0.000193731118272377
"367",9.31321812251125,4.42102898639168e-05,2.14833499797438e-05,9.09797462543992e-05,"White Catfish","Older.age","SALINITY","<0.01",-122.310041928945,0.175091455337779,0.000193731118272377
"368",9.89308764992141,3.70066148445635e-05,1.66985381739912e-05,8.20125407376625e-05,"White Catfish","Older.age","SALINITY","<0.01",-122.310041928945,0.175091455337779,0.000193731118272377
"369",10.4729571773316,2.98490962487609e-05,1.2326390641025e-05,7.22813816968e-05,"White Catfish","Older.age","SALINITY","<0.01",-122.310041928945,0.175091455337779,0.000193731118272377
"370",11.0528267047417,2.33293825799041e-05,8.65625354870273e-06,6.28747862452685e-05,"White Catfish","Older.age","SALINITY","<0.01",-122.310041928945,0.175091455337779,0.000193731118272377
"371",11.6326962321519,1.77372442400833e-05,5.76823138225584e-06,5.45418192134535e-05,"White Catfish","Older.age","SALINITY","<0.01",-122.310041928945,0.175091455337779,0.000193731118272377
"372",12.212565759562,1.31480075082782e-05,3.64233294530367e-06,4.74613672153818e-05,"White Catfish","Older.age","SALINITY","<0.01",-122.310041928945,0.175091455337779,0.000193731118272377
"373",12.7924352869722,9.51896982908962e-06,2.1891177603814e-06,4.13914629203555e-05,"White Catfish","Older.age","SALINITY","<0.01",-122.310041928945,0.175091455337779,0.000193731118272377
"374",13.3723048143823,6.74386316297473e-06,1.26039767668961e-06,3.60836037720876e-05,"White Catfish","Older.age","SALINITY","<0.01",-122.310041928945,0.175091455337779,0.000193731118272377
"375",13.9521743417925,4.68755260086335e-06,6.97856291743184e-07,3.14866393637776e-05,"White Catfish","Older.age","SALINITY","<0.01",-122.310041928945,0.175091455337779,0.000193731118272377
"376",14.5320438692027,3.20738234992782e-06,3.72497494951486e-07,2.76171026062024e-05,"White Catfish","Older.age","SALINITY","<0.01",-122.310041928945,0.175091455337779,0.000193731118272377
"377",15.1119133966128,2.16869239440953e-06,1.92372257662109e-07,2.44485704889459e-05,"White Catfish","Older.age","SALINITY","<0.01",-122.310041928945,0.175091455337779,0.000193731118272377
"378",15.691782924023,1.45507034686992e-06,9.66861927233758e-08,2.18979531068895e-05,"White Catfish","Older.age","SALINITY","<0.01",-122.310041928945,0.175091455337779,0.000193731118272377
"379",16.2716524514331,9.72678971783503e-07,4.76503644590719e-08,1.98551342238409e-05,"White Catfish","Older.age","SALINITY","<0.01",-122.310041928945,0.175091455337779,0.000193731118272377
"380",16.8515219788433,6.50088236804748e-07,2.31825923568351e-08,1.8229829914052e-05,"White Catfish","Older.age","SALINITY","<0.01",-122.310041928945,0.175091455337779,0.000193731118272377
"381",17.4313915062534,4.35512243735972e-07,1.1183468535903e-08,1.69599363413085e-05,"White Catfish","Older.age","SALINITY","<0.01",-122.310041928945,0.175091455337779,0.000193731118272377
"382",18.0112610336636,2.92875992611739e-07,5.3615894216572e-09,1.59983057825788e-05,"White Catfish","Older.age","SALINITY","<0.01",-122.310041928945,0.175091455337779,0.000193731118272377
"383",18.5911305610737,1.97628560270601e-07,2.55245265385207e-09,1.53017717197171e-05,"White Catfish","Older.age","SALINITY","<0.01",-122.310041928945,0.175091455337779,0.000193731118272377
"384",19.1710000884839,1.33513899506985e-07,1.20363387834846e-09,1.48101193246744e-05,"White Catfish","Older.age","SALINITY","<0.01",-122.310041928945,0.175091455337779,0.000193731118272377
"385",19.750869615894,9.00569486372537e-08,5.61591706344304e-10,1.44415487376886e-05,"White Catfish","Older.age","SALINITY","<0.01",-122.310041928945,0.175091455337779,0.000193731118272377
"386",20.3307391433042,6.05144827952559e-08,2.59498288462545e-10,1.41118565739823e-05,"White Catfish","Older.age","SALINITY","<0.01",-122.310041928945,0.175091455337779,0.000193731118272377
"387",20.9106086707144,4.0476144074293e-08,1.19136797089345e-10,1.37515719672595e-05,"White Catfish","Older.age","SALINITY","<0.01",-122.310041928945,0.175091455337779,0.000193731118272377
"388",21.4904781981245,2.69686688564172e-08,5.4703682404782e-11,1.32954321887389e-05,"White Catfish","Older.age","SALINITY","<0.01",-122.310041928945,0.175091455337779,0.000193731118272377
"389",22.0703477255347,1.79289896298086e-08,2.5380482243007e-11,1.2665191546325e-05,"White Catfish","Older.age","SALINITY","<0.01",-122.310041928945,0.175091455337779,0.000193731118272377
"390",22.6502172529448,1.19173867000451e-08,1.20454516810526e-11,1.17906832818744e-05,"White Catfish","Older.age","SALINITY","<0.01",-122.310041928945,0.175091455337779,0.000193731118272377
"391",23.230086780355,7.934973381344e-09,5.91226250219951e-12,1.06496967174942e-05,"White Catfish","Older.age","SALINITY","<0.01",-122.310041928945,0.175091455337779,0.000193731118272377
"392",23.8099563077651,5.29813899713598e-09,3.01830487551532e-12,9.30001374635178e-06,"White Catfish","Older.age","SALINITY","<0.01",-122.310041928945,0.175091455337779,0.000193731118272377
"393",24.3898258351753,3.54868950352751e-09,1.60272086525995e-12,7.85738643915628e-06,"White Catfish","Older.age","SALINITY","<0.01",-122.310041928945,0.175091455337779,0.000193731118272377
"394",24.9696953625854,2.38416023768346e-09,8.81708525786285e-13,6.446824401388e-06,"White Catfish","Older.age","SALINITY","<0.01",-122.310041928945,0.175091455337779,0.000193731118272377
"395",25.5495648899956,1.60614521288472e-09,4.99424865356646e-13,5.16534642909758e-06,"White Catfish","Older.age","SALINITY","<0.01",-122.310041928945,0.175091455337779,0.000193731118272377
"396",26.1294344174058,1.08443357388366e-09,2.89042489685402e-13,4.06859274373831e-06,"White Catfish","Older.age","SALINITY","<0.01",-122.310041928945,0.175091455337779,0.000193731118272377
"397",26.7093039448159,7.3343108088653e-10,1.69551150304229e-13,3.17261870205647e-06,"White Catfish","Older.age","SALINITY","<0.01",-122.310041928945,0.175091455337779,0.000193731118272377
"398",27.2891734722261,4.96610782618052e-10,1.00019087891433e-13,2.46575203405388e-06,"White Catfish","Older.age","SALINITY","<0.01",-122.310041928945,0.175091455337779,0.000193731118272377
"399",27.8690429996362,3.36460279120015e-10,5.89362601438773e-14,1.92081274158145e-06,"White Catfish","Older.age","SALINITY","<0.01",-122.310041928945,0.175091455337779,0.000193731118272377
"400",28.4489125270464,2.28007785128941e-10,3.45572995409068e-14,1.5043869390855e-06,"White Catfish","Older.age","SALINITY","<0.01",-122.310041928945,0.175091455337779,0.000193731118272377
